Business_ID,Revenue,Loan_Amount,GST_Compliance_%,Past_Defaults,Bank_Transactions,Market_Trend,Credit_Score
B0001,1707837,272094,60,0,Unstable,Growth,547
B0002,8556435,4120222,66,0,Unstable,Stable,585
B0003,3306644,2650894,78,0,High Vol,Growth,563
B0004,2756432,1010576,96,0,Low Vol,Decline,497
B0005,7522021,3661860,76,0,High Vol,Stable,575
B0006,4804585,700171,79,0,Unstable,Growth,578
B0007,2499088,3701373,76,0,High Vol,Growth,554
B0008,7502493,3543983,50,0,High Vol,Decline,545
B0009,2184760,1318821,62,0,Unstable,Growth,551
B0010,3011878,2749379,94,0,Unstable,Stable,530
B0011,6994823,2125731,92,1,High Vol,Stable,469
B0012,579075,4977486,63,0,Stable,Growth,535
B0013,5296563,3515087,77,0,Stable,Growth,582
B0014,9411189,4772251,74,0,High Vol,Growth,624
B0015,3469041,246876,67,0,High Vol,Stable,534
B0016,5337779,3304575,76,0,High Vol,Decline,523
B0017,816016,3834799,69,0,Low Vol,Growth,538
B0018,6613459,3831965,59,1,Unstable,Growth,496
B0019,2496839,1770390,94,0,High Vol,Stable,524
B0020,5869211,1753754,84,0,Low Vol,Growth,588
B0021,3945196,313769,54,1,Unstable,Decline,409
B0022,3394918,2663691,66,1,Stable,Decline,403
B0023,912644,327534,88,1,Low Vol,Decline,379
B0024,2719135,1068930,81,0,Stable,Stable,527
B0025,1940654,4551999,79,0,Stable,Stable,519
B0026,6475073,1800125,94,1,Unstable,Decline,434
B0027,6385290,4097020,67,1,High Vol,Stable,463
B0028,1312065,303357,68,0,High Vol,Growth,543
B0029,1742319,3985864,65,0,Low Vol,Stable,517
B0030,7209555,1618192,58,0,Low Vol,Stable,572
B0031,8814632,1785849,92,0,Stable,Decline,558
B0032,2169975,1965703,91,0,Low Vol,Stable,521
B0033,2339491,1322376,60,0,Stable,Decline,493
B0034,5069450,1403379,78,1,Unstable,Stable,450
B0035,2523858,4137612,94,0,High Vol,Growth,555
B0036,5772034,3736801,51,1,Low Vol,Growth,487
B0037,3923049,3015007,86,0,High Vol,Growth,569
B0038,8862988,672912,71,0,Stable,Growth,618
B0039,3288397,1686022,52,0,Stable,Stable,532
B0040,2061439,2613979,88,0,Unstable,Decline,490
B0041,3888562,1079475,70,0,Low Vol,Growth,568
B0042,9079057,451147,92,0,High Vol,Growth,620
B0043,1929859,1159963,77,0,Low Vol,Decline,489
B0044,9389060,2008826,74,1,Unstable,Stable,493
B0045,2354361,1043759,56,0,Unstable,Decline,493
B0046,9523540,2200664,75,0,Stable,Stable,595
B0047,1686651,2988087,82,0,Low Vol,Growth,546
B0048,7179578,3734273,50,0,Stable,Stable,571
B0049,7865792,2479021,61,0,Low Vol,Growth,608
B0050,4278513,3554106,52,1,Stable,Growth,472
B0051,4942347,3465978,84,0,Stable,Decline,519
B0052,5448998,4736986,67,0,Stable,Growth,584
B0053,9949322,1805544,58,0,Stable,Stable,599
B0054,5200698,1660315,62,0,Unstable,Growth,582
B0055,8865503,570304,88,0,Stable,Decline,558
B0056,5916539,4841965,96,0,Unstable,Stable,559
B0057,3184997,2049141,58,0,Low Vol,Growth,561
B0058,6175037,655529,68,0,Stable,Stable,561
B0059,4811571,3961070,64,0,High Vol,Growth,578
B0060,1284989,3879532,84,0,High Vol,Growth,542
B0061,5722840,3041327,55,0,Stable,Stable,557
B0062,5544896,3347352,81,0,Low Vol,Decline,525
B0063,7669135,4983978,67,0,High Vol,Growth,606
B0064,7675832,3072002,54,0,Stable,Stable,576
B0065,1815515,4312587,62,1,Stable,Decline,388
B0066,7347370,4741378,57,1,Low Vol,Growth,503
B0067,2619942,4952065,88,0,Stable,Decline,496
B0068,9939020,1847444,65,0,High Vol,Growth,629
B0069,8931160,3732102,91,0,Unstable,Growth,619
B0070,7928422,4919521,68,0,Unstable,Decline,549
B0071,8104424,2431715,93,0,High Vol,Growth,611
B0072,7409324,3243053,85,0,Low Vol,Growth,604
B0073,4583820,3720196,80,0,Unstable,Stable,545
B0074,2979318,1298963,66,0,Unstable,Stable,529
B0075,9069196,2044995,54,0,Unstable,Growth,620
B0076,1186885,4586332,94,0,High Vol,Decline,481
B0077,5303829,453452,92,0,Low Vol,Decline,523
B0078,798066,1705132,67,0,Low Vol,Stable,507
B0079,8959006,3108287,68,0,High Vol,Growth,619
B0080,3954853,4051182,63,0,Stable,Stable,539
B0081,5892846,3988393,50,0,Stable,Growth,588
B0082,6859836,2266195,52,0,Stable,Growth,598
B0083,3303641,2264326,68,0,Stable,Stable,533
B0084,6216459,3832922,68,0,Unstable,Decline,532
B0085,976909,169068,67,0,Stable,Growth,539
B0086,1683547,3045804,82,0,Low Vol,Stable,516
B0087,5040595,133105,91,1,Unstable,Decline,420
B0088,1721881,1237401,88,0,High Vol,Stable,517
B0089,2698467,816958,56,0,Stable,Decline,496
B0090,4307680,2280503,67,0,High Vol,Growth,573
B0091,6549015,4739219,50,1,Unstable,Growth,495
B0092,6139794,412743,50,0,High Vol,Growth,591
B0093,5254128,1041268,57,1,Stable,Decline,422
B0094,3908046,2026894,68,0,Stable,Stable,539
B0095,3409357,2560941,89,1,Stable,Decline,404
B0096,4348107,1900439,50,1,Unstable,Stable,443
B0097,625503,4277994,71,1,Unstable,Growth,436
B0098,2719783,3938296,99,1,Unstable,Stable,427
B0099,8587157,3755689,96,0,Unstable,Growth,615
B0100,6341741,2201789,68,0,High Vol,Growth,593
B0101,9178671,4808464,64,0,Low Vol,Growth,621
B0102,8037142,4711253,76,0,Unstable,Decline,550
B0103,3644543,1426034,90,1,Low Vol,Decline,406
B0104,2402894,4104359,55,1,Low Vol,Decline,394
B0105,2525971,3258368,59,0,Stable,Growth,555
B0106,4823056,3588661,56,0,High Vol,Decline,518
B0107,4342641,2871979,81,1,Unstable,Decline,413
B0108,578784,3417627,84,0,Stable,Decline,475
B0109,5526471,4961206,57,1,Low Vol,Stable,455
B0110,8070395,4697630,96,0,Unstable,Stable,580
B0111,7532518,2154238,99,1,Unstable,Stable,475
B0112,5851147,2655944,62,1,Stable,Stable,458
B0113,5504958,183327,51,0,Stable,Stable,555
B0114,6091306,2463449,87,0,High Vol,Stable,560
B0115,7328835,4347069,87,1,Low Vol,Stable,473
B0116,3171447,4552127,89,0,Stable,Growth,561
B0117,5568509,4331811,54,1,High Vol,Growth,485
B0118,9213077,2644790,72,0,Stable,Decline,562
B0119,9127752,1735061,97,1,Low Vol,Growth,521
B0120,4777889,541384,59,0,Low Vol,Growth,577
B0121,9943138,3813108,85,0,Unstable,Stable,599
B0122,5784717,1518985,58,0,High Vol,Decline,527
B0123,1778846,2549346,97,1,Unstable,Growth,447
B0124,9260414,3127644,64,0,Unstable,Decline,562
B0125,8352100,3712839,53,0,Stable,Growth,613
B0126,5930948,3167249,60,0,High Vol,Growth,589
B0127,4469793,2575585,61,0,High Vol,Growth,574
B0128,7271565,2558468,86,0,Stable,Stable,572
B0129,5987775,1018850,94,0,High Vol,Stable,559
B0130,522750,3347744,68,0,Low Vol,Growth,535
B0131,6445415,1116123,58,0,Low Vol,Growth,594
B0132,3823201,4857255,53,0,Low Vol,Decline,508
B0133,1464455,2301920,84,0,Stable,Growth,544
B0134,3191611,3016891,64,1,Stable,Decline,401
B0135,5485675,1221874,68,0,Stable,Growth,584
B0136,3966449,4996987,64,0,Unstable,Growth,569
B0137,3276092,1325708,87,0,Unstable,Decline,502
B0138,3338495,3288756,57,0,High Vol,Stable,533
B0139,7595772,1801820,86,0,Stable,Growth,605
B0140,5359632,3510964,61,1,High Vol,Growth,483
B0141,5859300,246480,88,0,High Vol,Decline,528
B0142,7959308,2516052,74,0,Low Vol,Decline,549
B0143,1390133,2489284,96,0,Low Vol,Stable,513
B0144,4176992,1054202,76,0,Stable,Growth,571
B0145,7611859,258043,76,1,Low Vol,Decline,446
B0146,5122019,3932329,99,0,Unstable,Stable,551
B0147,5924240,1644447,83,0,Low Vol,Growth,589
B0148,3708225,4179661,71,0,Stable,Growth,567
B0149,7161178,2651153,80,1,Stable,Growth,501
B0150,4251378,4278018,77,0,Stable,Growth,572
B0151,532014,3829979,84,1,Low Vol,Stable,405
B0152,2189348,1584662,53,0,High Vol,Growth,551
B0153,6298733,4561103,91,0,Unstable,Stable,562
B0154,4797519,4457999,83,0,Unstable,Decline,517
B0155,2275933,2995402,86,0,High Vol,Decline,492
B0156,7163062,3844708,58,1,Stable,Decline,441
B0157,628706,4241969,82,0,High Vol,Decline,476
B0158,5966665,662914,89,0,Stable,Decline,529
B0159,3768804,1239282,60,0,Low Vol,Stable,537
B0160,2682766,140477,63,1,High Vol,Decline,396
B0161,6436691,4041566,91,1,Stable,Stable,464
B0162,748818,4432162,79,0,Low Vol,Growth,537
B0163,5026528,3511418,74,0,Stable,Decline,520
B0164,9210802,3079400,86,0,Low Vol,Growth,622
B0165,817518,1110004,51,0,Unstable,Growth,538
B0166,4165355,4564971,95,1,Unstable,Decline,411
B0167,1853063,1081308,79,0,Low Vol,Decline,488
B0168,721830,4690238,86,0,Low Vol,Growth,537
B0169,6936321,3831552,74,0,Unstable,Decline,539
B0170,4940779,4197607,91,1,Unstable,Growth,479
B0171,1732667,1154188,98,0,Low Vol,Growth,547
B0172,5194288,4249267,94,0,Low Vol,Decline,521
B0173,9022090,779925,82,1,Stable,Growth,520
B0174,2774285,2878350,66,0,Low Vol,Growth,557
B0175,6977150,1180046,57,0,Low Vol,Decline,539
B0176,2839568,119241,91,0,High Vol,Stable,528
B0177,8813042,2035320,54,0,High Vol,Growth,618
B0178,5994642,1788841,82,0,High Vol,Decline,529
B0179,2199018,4715538,61,0,Low Vol,Decline,491
B0180,3300590,4774021,94,0,High Vol,Decline,503
B0181,7149201,388079,92,1,High Vol,Stable,471
B0182,3839376,1890080,50,0,Low Vol,Stable,538
B0183,3413787,4510968,85,0,High Vol,Decline,504
B0184,2944478,2188808,66,0,Unstable,Stable,529
B0185,2901078,355319,96,0,Unstable,Stable,529
B0186,3335472,1929756,77,0,Low Vol,Decline,503
B0187,3973600,262387,91,0,High Vol,Growth,569
B0188,6867551,3609963,60,0,Stable,Stable,568
B0189,6824861,4726510,55,0,High Vol,Stable,568
B0190,6470518,1648891,72,0,Low Vol,Decline,534
B0191,7120437,4324943,98,0,Stable,Growth,601
B0192,6404499,2970815,81,0,Stable,Growth,594
B0193,8455672,1848699,50,0,Low Vol,Decline,554
B0194,526242,1395922,72,0,Unstable,Stable,505
B0195,4021095,1703310,81,0,Low Vol,Growth,570
B0196,8529976,3141752,94,0,Low Vol,Stable,585
B0197,782214,1971637,85,0,High Vol,Growth,537
B0198,6268212,2118429,85,0,High Vol,Stable,562
B0199,8116407,4215538,74,1,High Vol,Stable,481
B0200,6335877,1069583,64,0,Stable,Decline,533
B0201,8428102,3635728,50,0,Unstable,Growth,614
B0202,6649256,141625,96,0,Stable,Stable,566
B0203,8591478,1497189,74,0,Stable,Growth,615
B0204,5812099,2483395,88,0,Stable,Stable,558
B0205,6601816,2559905,54,0,High Vol,Decline,536
B0206,5816470,4626580,76,1,Stable,Decline,428
B0207,6440185,4214012,88,0,Unstable,Stable,564
B0208,2033605,4119793,66,0,Stable,Growth,550
B0209,9373726,914006,97,0,Stable,Growth,623
B0210,4793215,2460444,93,0,Low Vol,Stable,547
B0211,7184319,2572530,81,0,Low Vol,Decline,541
B0212,3519976,4323785,73,0,Unstable,Decline,505
B0213,4034686,3801948,63,0,Low Vol,Decline,510
B0214,3403852,3608301,97,1,Low Vol,Decline,404
B0215,4618432,2121703,63,1,Low Vol,Decline,416
B0216,2582498,1475069,90,0,High Vol,Decline,495
B0217,4043869,3605082,83,1,Unstable,Stable,440
B0218,1647895,2855597,51,0,Low Vol,Stable,516
B0219,6945904,3493540,86,1,Unstable,Decline,439
B0220,4065551,1184189,62,0,Stable,Growth,570
B0221,5836826,1399662,95,0,Unstable,Decline,528
B0222,3111616,2482930,91,0,Unstable,Decline,501
B0223,4661830,2882805,77,0,Unstable,Stable,546
B0224,3107110,872608,84,1,High Vol,Decline,401
B0225,7352824,2165019,93,0,Low Vol,Stable,573
B0226,3310143,3112697,73,0,Unstable,Decline,503
B0227,1000715,620009,99,0,High Vol,Stable,510
B0228,559287,2716706,97,0,Low Vol,Stable,505
B0229,3731726,4368695,54,0,Unstable,Decline,507
B0230,8522267,2450230,85,0,Stable,Stable,585
B0231,855457,2142317,58,0,High Vol,Stable,508
B0232,4792407,456358,81,1,High Vol,Stable,447
B0233,8541430,2584603,68,0,High Vol,Growth,615
B0234,7892483,2701140,72,1,Unstable,Stable,478
B0235,9299289,752434,62,1,High Vol,Stable,492
B0236,6856595,399197,99,0,Stable,Growth,598
B0237,563315,312092,78,0,Unstable,Growth,535
B0238,1709270,2077271,84,0,High Vol,Stable,517
B0239,7669289,1707167,54,0,Unstable,Stable,576
B0240,3881749,1693818,63,1,Unstable,Growth,468
B0241,9478213,3079015,58,0,Stable,Growth,624
B0242,1062981,364669,92,0,Stable,Growth,540
B0243,1238456,4149161,96,0,High Vol,Stable,512
B0244,8051653,503016,94,0,Low Vol,Stable,580
B0245,3733586,2233824,59,0,Low Vol,Growth,567
B0246,9980237,336547,52,0,Low Vol,Decline,569
B0247,3874029,1474142,84,0,High Vol,Growth,568
B0248,9038890,1916023,60,0,Unstable,Decline,560
B0249,9972294,1761879,64,0,High Vol,Stable,599
B0250,4037644,563111,99,1,High Vol,Stable,440
B0251,4006689,2893266,98,0,Low Vol,Decline,510
B0252,8314374,267190,55,1,Unstable,Growth,513
B0253,5692707,659236,81,0,Stable,Stable,556
B0254,1293963,2329229,50,0,Low Vol,Decline,482
B0255,3084081,631973,59,0,Low Vol,Stable,530
B0256,4876837,4529884,90,0,Low Vol,Growth,578
B0257,5679146,350339,58,0,High Vol,Growth,586
B0258,8881831,2232071,68,0,Stable,Decline,558
B0259,1637949,4135552,74,0,Low Vol,Stable,516
B0260,8020880,1773148,88,0,Low Vol,Decline,550
B0261,2234494,3822147,75,0,Unstable,Stable,522
B0262,3137967,2709110,91,0,High Vol,Decline,501
B0263,1174962,4790658,53,0,Stable,Growth,541
B0264,8832577,965452,53,0,High Vol,Decline,558
B0265,1656565,983428,93,0,Low Vol,Decline,486
B0266,762606,2877090,60,0,Unstable,Stable,507
B0267,5192260,1957748,60,0,Unstable,Stable,551
B0268,2861648,3521135,66,1,Low Vol,Decline,398
B0269,950534,2458980,80,0,High Vol,Decline,479
B0270,7880626,4865316,98,0,Low Vol,Decline,548
B0271,9950180,3515611,52,0,Stable,Growth,629
B0272,5338399,2717220,63,0,Low Vol,Decline,523
B0273,2531203,739437,56,0,Stable,Decline,495
B0274,5003657,1783899,93,0,Stable,Stable,550
B0275,5203637,3569640,58,0,Unstable,Stable,552
B0276,955161,4853049,98,0,Unstable,Stable,509
B0277,2166750,4018457,56,1,Unstable,Stable,421
B0278,1320944,4497437,67,0,Unstable,Growth,543
B0279,6163808,563442,61,0,Low Vol,Growth,591
B0280,1154979,2799586,75,0,Low Vol,Growth,541
B0281,8107078,4332809,65,0,Unstable,Stable,581
B0282,3580902,4851164,76,0,Low Vol,Growth,565
B0283,1019133,2941684,50,0,High Vol,Stable,510
B0284,6133298,3909420,71,0,High Vol,Growth,591
B0285,8322267,2744939,79,0,Low Vol,Decline,553
B0286,6778597,1325087,90,0,Stable,Decline,537
B0287,9039549,2346183,59,0,Unstable,Decline,560
B0288,8300208,3810548,73,0,Unstable,Growth,613
B0289,2163235,4768952,67,0,Low Vol,Growth,551
B0290,8418520,775032,65,0,Stable,Decline,554
B0291,9674374,4283082,68,0,High Vol,Decline,566
B0292,4936219,3088189,63,0,Unstable,Stable,549
B0293,6419096,688971,91,0,Low Vol,Growth,594
B0294,3148398,1475885,55,0,High Vol,Growth,561
B0295,8210496,2859663,66,1,Unstable,Decline,452
B0296,5641637,4940635,95,0,Stable,Decline,526
B0297,4914592,1578713,93,0,Stable,Growth,579
B0298,1967387,4718900,68,1,Stable,Stable,419
B0299,9055763,2672210,86,0,Unstable,Decline,560
B0300,3172011,3510990,73,0,High Vol,Growth,561
B0301,517611,1610520,56,0,Low Vol,Stable,505
B0302,1220147,1710920,83,1,High Vol,Stable,412
B0303,8138880,3059430,85,0,Low Vol,Stable,581
B0304,2241099,1560636,64,1,High Vol,Stable,422
B0305,6644512,3180155,71,0,Low Vol,Growth,596
B0306,2602646,4345693,88,1,Low Vol,Growth,456
B0307,8040255,2172392,68,1,Stable,Stable,480
B0308,7062784,676577,61,0,Stable,Stable,570
B0309,5075003,2366072,54,0,Unstable,Growth,580
B0310,5758295,4795275,85,0,High Vol,Growth,587
B0311,1434631,4958009,60,0,Stable,Growth,544
B0312,9389253,4081105,93,0,Unstable,Decline,563
B0313,5417413,121314,53,0,Unstable,Stable,554
B0314,8356260,3334107,54,1,High Vol,Stable,483
B0315,9783720,3303551,71,1,Low Vol,Decline,467
B0316,5215110,811814,91,1,Unstable,Decline,422
B0317,5415619,3363005,93,0,Low Vol,Growth,584
B0318,8209217,1016182,94,0,Unstable,Stable,582
B0319,2983518,1554236,57,0,High Vol,Decline,499
B0320,9482086,2918767,89,0,Stable,Decline,564
B0321,1660175,1300923,70,0,High Vol,Decline,486
B0322,7881973,1544287,68,1,Stable,Growth,508
B0323,2767330,1385140,57,0,High Vol,Growth,557
B0324,8323934,3085774,81,0,Stable,Decline,553
B0325,4535419,2444864,68,0,Low Vol,Growth,575
B0326,1348796,3664005,59,0,Stable,Growth,543
B0327,9880830,3155173,82,0,Low Vol,Decline,568
B0328,2329976,1792778,92,1,High Vol,Decline,393
B0329,5292033,374644,95,0,Low Vol,Decline,522
B0330,5188473,928415,86,0,High Vol,Decline,521
B0331,9564444,4144503,67,1,Unstable,Growth,525
B0332,554730,470848,63,0,Low Vol,Stable,505
B0333,8067573,3220001,96,0,Stable,Decline,550
B0334,942443,2181229,82,1,Stable,Growth,439
B0335,1748850,1426239,81,0,Stable,Stable,517
B0336,7872253,3975071,52,0,Low Vol,Stable,578
B0337,5023609,2592533,80,1,Stable,Stable,450
B0338,8935327,135149,65,1,High Vol,Stable,489
B0339,5199018,540596,51,1,High Vol,Stable,451
B0340,7546841,1488366,63,0,High Vol,Stable,575
B0341,1009171,2678589,85,0,Unstable,Growth,540
B0342,1466577,1980352,82,0,Unstable,Decline,484
B0343,7192548,3746991,54,0,Stable,Growth,601
B0344,5419054,3391793,50,0,Low Vol,Stable,554
B0345,4120216,4718636,75,0,Low Vol,Decline,511
B0346,7882754,4851917,80,1,Stable,Decline,448
B0347,6913392,125852,64,0,Stable,Growth,599
B0348,3421388,2739981,59,0,Stable,Stable,534
B0349,7402947,3369156,53,0,Low Vol,Stable,574
B0350,9852838,1736526,68,0,High Vol,Growth,628
B0351,1798523,307838,82,1,Stable,Stable,417
B0352,6648429,389812,52,0,Low Vol,Stable,566
B0353,8254197,1182048,93,0,Low Vol,Decline,552
B0354,8959629,1737891,76,0,Stable,Decline,559
B0355,8517641,904779,90,0,Stable,Decline,555
B0356,8186115,606236,87,0,Unstable,Stable,581
B0357,9969982,2625639,97,0,Stable,Stable,599
B0358,4781008,3168541,74,0,Low Vol,Stable,547
B0359,7236887,1879637,92,0,Low Vol,Decline,542
B0360,7261322,2710910,50,0,High Vol,Stable,572
B0361,3992696,2600361,91,0,High Vol,Stable,539
B0362,2175773,1047651,99,1,Unstable,Growth,451
B0363,1399770,113552,97,0,Stable,Stable,513
B0364,4466987,718804,73,1,Stable,Stable,444
B0365,4985106,4426872,89,0,Stable,Stable,549
B0366,3042605,2804198,63,1,High Vol,Growth,460
B0367,4378940,4146269,64,0,High Vol,Growth,573
B0368,2361971,2323456,76,0,Low Vol,Stable,523
B0369,855518,1437574,82,0,Low Vol,Growth,538
B0370,3637744,3974440,89,0,Low Vol,Stable,536
B0371,3210833,3536831,86,0,High Vol,Decline,502
B0372,9200992,201648,64,1,Low Vol,Stable,492
B0373,6565126,284772,64,0,Low Vol,Growth,595
B0374,8259653,1907059,57,1,Unstable,Stable,482
B0375,2555856,1037267,64,0,High Vol,Decline,495
B0376,9750472,4477528,81,0,Unstable,Stable,597
B0377,5590593,2125687,59,0,Low Vol,Stable,555
B0378,7204307,3544566,89,1,High Vol,Stable,472
B0379,4835293,2341152,96,0,Unstable,Decline,518
B0380,4594150,559732,78,0,Unstable,Decline,515
B0381,1525225,3649240,79,0,High Vol,Decline,485
B0382,6279978,1196670,61,0,Unstable,Decline,532
B0383,8999881,1023515,67,0,High Vol,Decline,559
B0384,8676732,627205,74,0,Unstable,Decline,556
B0385,5348834,2763705,96,0,Unstable,Decline,523
B0386,5688033,3848744,79,0,Unstable,Growth,586
B0387,6947696,3240570,94,0,Stable,Growth,599
B0388,3252036,1807143,91,0,Stable,Decline,502
B0389,6109127,3090172,84,0,High Vol,Growth,591
B0390,7705214,1325129,68,0,Low Vol,Stable,577
B0391,7719683,3310201,75,1,Low Vol,Growth,507
B0392,4358868,2242439,66,0,Stable,Growth,573
B0393,1098999,4067635,71,0,High Vol,Growth,540
B0394,5925079,1155105,98,0,High Vol,Growth,589
B0395,6164637,2740298,64,0,Unstable,Stable,561
B0396,4713902,1357148,67,0,Stable,Decline,517
B0397,9938241,1375963,80,0,Stable,Decline,569
B0398,4794245,1557305,75,0,Low Vol,Growth,577
B0399,1444238,1810323,69,1,Low Vol,Decline,384
B0400,8981870,1700297,50,1,Unstable,Growth,519
B0401,2875072,1115268,79,0,High Vol,Decline,498
B0402,5896995,295680,68,0,Stable,Decline,528
B0403,9554880,628791,63,0,High Vol,Growth,625
B0404,6242932,4811011,65,0,Stable,Decline,532
B0405,5628334,204878,87,0,High Vol,Decline,526
B0406,3399425,2287415,55,0,Stable,Decline,503
B0407,2340649,256190,61,0,Stable,Decline,493
B0408,9776637,4521596,99,1,Unstable,Stable,497
B0409,5572310,4150264,92,0,Stable,Decline,525
B0410,2241614,779435,63,0,Unstable,Decline,492
B0411,5504861,4801530,53,1,Low Vol,Stable,455
B0412,6269591,4776492,51,1,High Vol,Growth,492
B0413,9376822,2278746,63,1,Low Vol,Decline,463
B0414,1525844,857959,80,0,High Vol,Growth,545
B0415,6208766,1645527,61,0,High Vol,Stable,562
B0416,4323064,4709517,70,0,Stable,Decline,513
B0417,6490742,3641080,53,0,High Vol,Stable,564
B0418,4846069,575336,52,0,High Vol,Stable,548
B0419,8651706,3138702,91,0,Stable,Stable,586
B0420,6208874,4059896,71,0,Low Vol,Decline,532
B0421,2412296,2590521,81,0,Unstable,Decline,494
B0422,4131853,3209830,67,0,Low Vol,Growth,571
B0423,3565686,1951804,74,1,Stable,Decline,405
B0424,4616974,1123243,73,0,Stable,Growth,576
B0425,1331269,4402950,94,1,Unstable,Stable,413
B0426,3823121,801684,93,0,Low Vol,Decline,508
B0427,1430332,2330627,69,0,Stable,Stable,514
B0428,5716405,4482687,86,0,High Vol,Growth,587
B0429,3785965,4450991,72,1,Unstable,Growth,467
B0430,6816434,3443106,78,1,Low Vol,Growth,498
B0431,2825696,4370675,93,0,Stable,Growth,558
B0432,7502682,3121882,96,1,Stable,Decline,445
B0433,7466650,1469261,63,0,Low Vol,Growth,604
B0434,4959538,2158177,79,0,Low Vol,Growth,579
B0435,1778543,733706,80,0,Unstable,Stable,517
B0436,6515661,1588955,52,0,Unstable,Stable,565
B0437,9829792,2036436,57,0,Low Vol,Growth,628
B0438,9871016,268273,83,1,Stable,Decline,468
B0439,6766199,465569,50,0,High Vol,Growth,597
B0440,1967574,2203433,59,0,Stable,Growth,549
B0441,7631137,263885,65,0,Stable,Stable,576
B0442,7029663,4114680,70,1,Stable,Growth,500
B0443,1542540,4855640,57,1,High Vol,Decline,385
B0444,3067830,2602358,57,0,Unstable,Decline,500
B0445,4241732,295655,59,0,Stable,Stable,542
B0446,1851888,886718,78,0,Low Vol,Decline,488
B0447,5784760,3354714,88,0,Low Vol,Growth,587
B0448,7188550,2437769,53,0,Unstable,Decline,541
B0449,4387099,2059904,89,0,High Vol,Growth,573
B0450,2672149,195524,65,0,Low Vol,Stable,526
B0451,9246423,532172,71,1,Unstable,Decline,462
B0452,8454659,4433898,86,1,Unstable,Stable,484
B0453,9012761,2933983,94,0,Unstable,Decline,560
B0454,8773991,2993946,83,0,Low Vol,Stable,587
B0455,7662949,2763464,73,0,High Vol,Growth,606
B0456,7294699,1146130,79,0,Low Vol,Stable,572
B0457,4887109,1905905,50,0,High Vol,Stable,548
B0458,8572430,1276257,51,0,Low Vol,Growth,615
B0459,2817620,4262231,64,0,High Vol,Growth,558
B0460,6751984,1048538,98,0,Stable,Growth,597
B0461,1770922,494435,84,0,Stable,Stable,517
B0462,5080208,4030185,81,1,Low Vol,Decline,420
B0463,5834549,1840872,74,1,Stable,Decline,428
B0464,4997409,1312124,88,0,Unstable,Stable,549
B0465,3897823,2426086,62,1,Low Vol,Stable,438
B0466,6179959,397197,56,1,Stable,Growth,491
B0467,7753765,2741139,80,0,Low Vol,Growth,607
B0468,2678650,4371922,92,1,Stable,Decline,396
B0469,5513164,261168,78,0,Unstable,Growth,585
B0470,6563023,457787,71,0,Stable,Growth,595
B0471,7037044,4802480,72,0,Stable,Growth,600
B0472,9452896,2788793,92,0,Low Vol,Growth,624
B0473,604091,2461139,89,1,Stable,Stable,406
B0474,5695378,1855916,93,1,Stable,Decline,426
B0475,8987871,1857073,80,0,High Vol,Stable,589
B0476,9819299,291878,77,0,Stable,Growth,628
B0477,3542780,1162546,72,0,Low Vol,Stable,535
B0478,2624107,984688,81,0,Unstable,Stable,526
B0479,5730783,2888608,70,0,Stable,Stable,557
B0480,7407621,2727244,99,0,High Vol,Stable,574
B0481,3270820,3209022,56,0,Stable,Growth,562
B0482,2530741,4167378,81,0,Stable,Growth,555
B0483,6313949,4154760,68,0,High Vol,Decline,533
B0484,5898179,1358436,90,0,Low Vol,Stable,558
B0485,8606335,1852075,59,0,Low Vol,Stable,586
B0486,5847275,374462,80,0,Low Vol,Growth,588
B0487,2871889,2937291,70,0,Stable,Growth,558
B0488,5780667,2318403,95,0,Unstable,Decline,527
B0489,6332334,2173438,73,1,Stable,Growth,493
B0490,2063309,3737364,99,0,Unstable,Decline,490
B0491,5256385,4515492,98,0,Stable,Decline,522
B0492,2509787,213700,92,0,Stable,Growth,555
B0493,3331210,4729310,66,0,Unstable,Decline,503
B0494,7794826,3054594,69,1,Stable,Stable,477
B0495,769772,1288109,98,0,Unstable,Stable,507
B0496,4391294,963288,58,0,Low Vol,Stable,543
B0497,6670845,2276142,94,0,Unstable,Decline,536
B0498,8411199,809010,83,0,Unstable,Decline,554
B0499,6006260,839911,58,0,Low Vol,Stable,560
B0500,9351415,1371335,66,0,Unstable,Decline,563
B0501,7692550,3088172,60,1,Unstable,Stable,476
B0502,2861755,867919,66,0,Stable,Decline,498
B0503,6468187,213248,97,0,Low Vol,Growth,594
B0504,4041618,3885744,86,1,Stable,Decline,410
B0505,5694186,1446054,87,0,Low Vol,Growth,586
B0506,8818225,2204207,64,0,Unstable,Decline,558
B0507,7610470,2900783,82,1,Unstable,Stable,476
B0508,2279652,2569541,74,0,Low Vol,Stable,522
B0509,7065391,903812,96,0,Low Vol,Decline,540
B0510,3891678,1253378,99,1,Low Vol,Decline,408
B0511,5876034,1378567,98,0,Low Vol,Decline,528
B0512,3421999,959649,68,1,Unstable,Stable,434
B0513,971737,124858,53,0,Unstable,Decline,479
B0514,3286119,1011090,55,0,Unstable,Decline,502
B0515,819415,1296809,71,0,Unstable,Decline,478
B0516,7225407,2897151,73,0,High Vol,Stable,572
B0517,4452523,4781259,94,1,High Vol,Stable,444
B0518,9278532,1738930,56,0,High Vol,Growth,622
B0519,2611600,4695405,94,1,Stable,Decline,396
B0520,4689988,2554642,69,0,Stable,Decline,516
B0521,2654301,3795257,57,0,Unstable,Decline,496
B0522,1591391,4650177,91,0,Low Vol,Growth,545
B0523,997013,1202288,77,0,Stable,Decline,479
B0524,9067148,3526332,67,0,Low Vol,Growth,620
B0525,8027930,4850223,90,0,Low Vol,Growth,610
B0526,8560399,3720521,97,0,Stable,Stable,585
B0527,1663417,1948183,84,0,Unstable,Decline,486
B0528,8057918,4879947,63,0,Unstable,Growth,610
B0529,5791654,3827681,97,0,High Vol,Decline,527
B0530,997350,2752072,51,0,Unstable,Growth,539
B0531,4043451,527070,50,0,Stable,Decline,510
B0532,6472808,4158780,52,0,Low Vol,Stable,564
B0533,8324537,2003095,89,1,Stable,Growth,513
B0534,2893919,1553030,77,0,Unstable,Decline,498
B0535,4699674,2477600,53,0,Stable,Growth,576
B0536,1964219,1197341,76,0,High Vol,Growth,549
B0537,6320277,1500475,95,1,High Vol,Growth,493
B0538,7575632,2029834,91,0,High Vol,Growth,605
B0539,661907,3768441,76,0,High Vol,Decline,476
B0540,1679952,564739,76,0,Stable,Stable,516
B0541,5093736,2731975,77,0,Low Vol,Stable,550
B0542,8082751,2761218,78,0,Low Vol,Decline,550
B0543,6239803,3588704,57,1,Stable,Stable,462
B0544,6417843,2126468,96,0,High Vol,Decline,534
B0545,8688068,3013562,64,0,Stable,Growth,616
B0546,4752060,1172864,73,0,High Vol,Growth,577
B0547,2481087,744279,96,1,Low Vol,Decline,394
B0548,1253183,4698960,73,0,Low Vol,Growth,542
B0549,4028134,4317397,97,0,Low Vol,Growth,570
B0550,5439777,1094115,56,0,Unstable,Stable,554
B0551,1606253,409897,65,0,Stable,Decline,486
B0552,6958114,3729063,96,0,Stable,Decline,539
B0553,9410521,4016398,96,0,Stable,Decline,564
B0554,1336413,2918296,68,1,High Vol,Decline,383
B0555,7669764,3702744,87,0,High Vol,Decline,546
B0556,8123679,3015167,71,0,Unstable,Growth,611
B0557,5697387,1128100,77,0,Unstable,Stable,556
B0558,4565660,130608,97,0,High Vol,Growth,575
B0559,5918002,2358897,58,1,Stable,Decline,429
B0560,1278615,4260440,61,0,Stable,Decline,482
B0561,5224738,3378853,60,0,High Vol,Decline,522
B0562,2211979,920641,92,0,High Vol,Stable,522
B0563,4123660,4187601,57,0,Low Vol,Growth,571
B0564,3986688,3499671,64,0,High Vol,Growth,569
B0565,6700365,4912044,62,0,High Vol,Growth,597
B0566,5034460,197863,79,1,High Vol,Growth,480
B0567,5748639,1513247,78,0,Unstable,Decline,527
B0568,5395738,4130563,53,0,Stable,Stable,553
B0569,6886826,2308159,51,0,Low Vol,Decline,538
B0570,739289,3623044,64,0,Unstable,Decline,477
B0571,3630824,276003,51,0,Unstable,Stable,536
B0572,1457290,2076368,77,0,Low Vol,Growth,544
B0573,5445388,1621555,68,0,Low Vol,Stable,554
B0574,7444148,306761,71,0,Stable,Stable,574
B0575,985755,2421187,69,0,Low Vol,Growth,539
B0576,912573,3632933,90,0,Stable,Stable,509
B0577,1693948,3574664,88,0,Unstable,Growth,546
B0578,4586070,4782669,53,0,Stable,Growth,575
B0579,6988658,2081719,72,0,Stable,Growth,599
B0580,2065664,1570787,59,0,Stable,Decline,490
B0581,7464868,128197,80,0,Unstable,Growth,604
B0582,3175402,2985947,80,0,Low Vol,Stable,531
B0583,6082339,1532394,61,0,Stable,Stable,560
B0584,5616381,2765202,53,0,High Vol,Decline,526
B0585,2244944,455749,88,0,High Vol,Growth,552
B0586,972348,4038023,96,0,Low Vol,Decline,479
B0587,3844007,584735,67,0,High Vol,Growth,568
B0588,7595543,327996,68,1,Low Vol,Growth,505
B0589,3219568,502851,87,0,Stable,Decline,502
B0590,3069583,564010,58,0,Low Vol,Decline,500
B0591,1059703,193149,62,1,Unstable,Stable,410
B0592,1086290,715186,50,1,Stable,Growth,440
B0593,4046936,2860118,86,1,Unstable,Growth,470
B0594,3762237,3448036,91,0,Unstable,Growth,567
B0595,1418047,2128801,51,0,Unstable,Decline,484
B0596,3178658,3430816,94,0,Stable,Stable,531
B0597,579401,3304740,56,0,High Vol,Growth,535
B0598,9766152,4135624,51,1,Unstable,Decline,467
B0599,1071919,2299573,94,0,Unstable,Growth,540
B0600,5808624,4578438,69,0,Stable,Stable,558
B0601,7040991,1565638,96,1,High Vol,Growth,500
B0602,6245269,3374873,62,0,High Vol,Stable,562
B0603,3286922,4060384,99,0,Low Vol,Growth,562
B0604,9285781,190028,62,0,Low Vol,Decline,562
B0605,2853122,1330361,83,0,Low Vol,Decline,498
B0606,5750143,151181,62,0,Low Vol,Growth,587
B0607,9819918,2075970,69,0,High Vol,Growth,628
B0608,8671543,4407447,57,0,Unstable,Decline,556
B0609,6156494,403927,86,0,High Vol,Stable,561
B0610,799508,520053,50,0,High Vol,Stable,507
B0611,784258,3629117,87,0,High Vol,Growth,537
B0612,7432160,3643695,85,0,High Vol,Decline,544
B0613,1599603,1569860,72,0,High Vol,Stable,515
B0614,1453254,4834144,52,0,Unstable,Growth,544
B0615,4224518,616129,96,0,High Vol,Stable,542
B0616,5014209,2584830,80,0,Low Vol,Growth,580
B0617,6716922,3964046,92,0,Unstable,Stable,567
B0618,8794880,4757244,97,0,Unstable,Decline,557
B0619,2364824,906810,68,0,Low Vol,Growth,553
B0620,569371,985464,79,1,High Vol,Growth,435
B0621,2644135,509333,50,0,Stable,Decline,496
B0622,2187232,2904974,97,0,High Vol,Stable,521
B0623,2616239,932039,71,0,Unstable,Stable,526
B0624,9195741,2072043,80,0,Unstable,Stable,591
B0625,863184,4757298,79,0,Stable,Growth,538
B0626,3946871,2747498,57,0,High Vol,Stable,539
B0627,6133670,3414976,88,0,Low Vol,Stable,561
B0628,8726711,303557,95,0,Low Vol,Decline,557
B0629,9119362,2588331,95,0,Unstable,Growth,621
B0630,5058291,1726586,80,0,Low Vol,Decline,520
B0631,2414754,1283281,61,0,Unstable,Stable,524
B0632,8777162,3456574,72,0,Unstable,Growth,617
B0633,8478946,1949163,89,0,High Vol,Decline,554
B0634,530087,4414962,93,1,Unstable,Stable,405
B0635,9402058,3211819,77,0,Low Vol,Decline,564
B0636,8727473,4287755,72,0,High Vol,Decline,557
B0637,8109303,1136011,98,0,High Vol,Stable,581
B0638,4588978,1664019,73,0,Unstable,Decline,515
B0639,8785051,3126220,77,0,Low Vol,Growth,617
B0640,2099522,1590267,84,0,High Vol,Decline,490
B0641,7466545,2060642,60,0,Low Vol,Growth,604
B0642,1893016,3675103,50,1,High Vol,Growth,448
B0643,5809909,1227846,83,0,Low Vol,Growth,588
B0644,5393551,100339,71,0,Low Vol,Growth,583
B0645,6153257,608596,58,1,Stable,Stable,461
B0646,6762685,3236038,59,0,Stable,Growth,597
B0647,7411999,218016,82,1,Low Vol,Decline,444
B0648,1271913,4974145,50,1,Stable,Growth,442
B0649,6253912,1861404,69,0,Low Vol,Stable,562
B0650,7236056,2136003,91,0,High Vol,Stable,572
B0651,927611,3847776,87,0,High Vol,Growth,539
B0652,2596587,4218406,56,0,Stable,Decline,495
B0653,4240095,851276,65,0,Low Vol,Decline,512
B0654,5277877,4281927,86,1,Stable,Growth,482
B0655,5054332,3976581,89,1,Unstable,Growth,480
B0656,3962500,2398676,94,0,Stable,Growth,569
B0657,8223642,1780457,68,1,Unstable,Stable,482
B0658,9170537,4304379,88,0,High Vol,Stable,591
B0659,2271766,2414303,82,0,High Vol,Stable,522
B0660,4499483,4650475,86,0,High Vol,Decline,514
B0661,3268548,3100377,80,0,Stable,Decline,502
B0662,8784080,784868,78,0,Stable,Growth,617
B0663,9570838,104700,70,0,Stable,Stable,595
B0664,3006747,744057,71,1,Unstable,Stable,430
B0665,9165313,1683284,89,0,Unstable,Decline,561
B0666,3946947,1415299,80,0,Stable,Stable,539
B0667,3245627,318954,54,0,High Vol,Growth,562
B0668,6047655,718555,87,0,Low Vol,Decline,530
B0669,9057122,4964458,89,0,Stable,Stable,590
B0670,3884953,3574064,75,0,Unstable,Decline,508
B0671,3941025,4290298,87,1,Low Vol,Stable,439
B0672,5896395,1346834,61,1,Stable,Stable,458
B0673,2581613,423985,86,0,Stable,Stable,525
B0674,8122837,1745186,79,0,Low Vol,Stable,581
B0675,8285802,1575119,77,0,Unstable,Decline,552
B0676,849018,1530652,75,0,Unstable,Stable,508
B0677,5319270,3466365,52,0,Unstable,Growth,583
B0678,2430423,1695248,82,0,Low Vol,Growth,554
B0679,9464572,3966451,69,0,High Vol,Decline,564
B0680,2683933,4015444,53,0,Unstable,Stable,526
B0681,4272689,4355094,95,0,High Vol,Growth,572
B0682,5913337,283569,73,0,High Vol,Growth,589
B0683,9172855,1822259,60,0,Stable,Decline,561
B0684,2407204,3295721,89,0,Unstable,Growth,554
B0685,3320466,688488,61,0,Low Vol,Stable,533
B0686,3246428,873195,80,0,High Vol,Growth,562
B0687,1831925,1773369,56,0,High Vol,Growth,548
B0688,7058706,3366655,96,0,High Vol,Growth,600
B0689,6886355,1007452,95,0,Stable,Decline,538
B0690,4678614,1560197,61,0,Low Vol,Growth,576
B0691,7222175,1846102,63,1,Unstable,Decline,442
B0692,3081279,3599426,69,0,Unstable,Stable,530
B0693,5493159,1187436,88,1,Stable,Stable,454
B0694,8054124,4336747,81,0,Stable,Growth,610
B0695,3816655,390433,65,0,High Vol,Stable,538
B0696,1469105,4166997,79,0,Stable,Growth,544
B0697,5110074,4620693,91,0,Stable,Growth,581
B0698,4198829,1399320,88,0,Low Vol,Growth,571
B0699,1901180,1354951,54,0,Unstable,Stable,519
B0700,9918159,2463405,65,0,High Vol,Decline,569
B0701,9241333,2690518,98,0,Unstable,Growth,622
B0702,5642774,3878518,91,0,Unstable,Stable,556
B0703,2498592,1724555,75,0,Stable,Stable,524
B0704,8054442,1920399,50,0,Stable,Stable,580
B0705,6477675,2424695,75,0,Low Vol,Stable,564
B0706,4025095,1895863,84,0,Stable,Growth,570
B0707,3632743,486657,58,0,Low Vol,Stable,536
B0708,3532944,4460003,50,0,High Vol,Growth,565
B0709,3494173,3896586,82,0,Stable,Decline,504
B0710,5901179,2724128,63,1,Low Vol,Decline,429
B0711,4551054,3325359,73,0,Stable,Decline,515
B0712,5400899,4151872,59,1,Stable,Decline,424
B0713,637003,2418194,70,0,Unstable,Decline,476
B0714,2919013,2742609,95,0,Unstable,Decline,499
B0715,8791083,2241450,88,1,Low Vol,Stable,487
B0716,5572213,1293054,97,0,Low Vol,Growth,585
B0717,4756933,1565417,78,0,Unstable,Growth,577
B0718,8410309,3755374,71,0,Low Vol,Decline,554
B0719,3274259,3255143,74,1,High Vol,Decline,402
B0720,7418363,256043,66,0,High Vol,Growth,604
B0721,6599781,3740687,65,1,Unstable,Decline,435
B0722,1338737,3647514,93,1,High Vol,Stable,413
B0723,3402768,1033033,90,0,Unstable,Growth,564
B0724,7860226,1544564,70,0,Unstable,Stable,578
B0725,6742357,3119047,61,1,Stable,Stable,467
B0726,4744071,659108,68,0,Unstable,Growth,577
B0727,4643016,2867106,79,1,Unstable,Growth,476
B0728,6515214,4728759,75,0,Stable,Decline,535
B0729,5320032,3193809,82,0,Low Vol,Growth,583
B0730,1312641,2970974,89,1,High Vol,Decline,383
B0731,6263515,1809268,95,0,Low Vol,Stable,562
B0732,5056653,4256862,84,0,Unstable,Stable,550
B0733,2475296,865374,58,0,Unstable,Stable,524
B0734,2713381,473740,61,0,High Vol,Decline,497
B0735,8073781,4812088,91,0,Stable,Growth,610
B0736,3059327,2534316,65,0,High Vol,Decline,500
B0737,4993819,571006,66,1,Stable,Decline,419
B0738,7817123,255462,65,1,Low Vol,Stable,478
B0739,2897893,4306459,74,0,High Vol,Decline,498
B0740,9071242,3729506,62,0,Stable,Stable,590
B0741,6096256,3764812,73,1,Low Vol,Stable,460
B0742,9363476,2771799,97,1,High Vol,Growth,523
B0743,1589241,4180933,74,0,High Vol,Growth,545
B0744,6607914,486354,83,0,Low Vol,Stable,566
B0745,6778134,4494481,73,0,Low Vol,Decline,537
B0746,6293146,549632,67,0,Stable,Decline,532
B0747,7554629,2324943,79,0,High Vol,Stable,575
B0748,3504983,2702686,52,0,High Vol,Stable,535
B0749,6026580,1094747,65,0,Stable,Growth,590
B0750,8567159,1096783,61,0,Stable,Decline,555
B0751,9167069,4650487,65,1,Unstable,Growth,521
B0752,2880056,3855639,77,0,Low Vol,Stable,528
B0753,816711,2275278,62,0,Stable,Growth,538
B0754,5371986,4161146,98,0,Unstable,Stable,553
B0755,1542934,3301523,64,0,Unstable,Growth,545
B0756,2147759,1976520,56,0,Low Vol,Stable,521
B0757,6351934,4686269,90,0,Unstable,Decline,533
B0758,7174506,2487539,54,0,Stable,Stable,571
B0759,2322218,173375,79,0,Low Vol,Growth,553
B0760,4077606,4424274,65,0,Unstable,Decline,510
B0761,6642870,714075,69,0,High Vol,Growth,596
B0762,813787,3163684,85,0,Stable,Growth,538
B0763,3026019,908173,53,0,Unstable,Growth,560
B0764,1523654,3401381,71,0,High Vol,Growth,545
B0765,9838479,2171629,87,0,Low Vol,Growth,628
B0766,5650086,3846426,84,0,Low Vol,Stable,556
B0767,1563570,3027504,75,0,Stable,Growth,545
B0768,4615245,3838925,69,0,Stable,Growth,576
B0769,7675272,3805310,63,0,Low Vol,Growth,606
B0770,5242734,1889402,98,1,Stable,Stable,452
B0771,7527157,491838,89,0,Low Vol,Decline,545
B0772,4993762,873921,53,0,Unstable,Growth,579
B0773,4256677,4494801,55,0,Unstable,Stable,542
B0774,8878714,4537362,97,0,Unstable,Decline,558
B0775,9744330,3122181,86,0,Stable,Growth,627
B0776,8853245,4166607,94,0,Unstable,Growth,618
B0777,8903688,1380055,92,1,Unstable,Stable,489
B0778,7108941,4342538,62,0,Unstable,Decline,541
B0779,3216091,4546970,67,0,Low Vol,Stable,532
B0780,3025753,2062213,79,0,Unstable,Stable,530
B0781,5430095,3308319,66,0,High Vol,Decline,524
B0782,7104278,4027577,71,1,Low Vol,Decline,441
B0783,5744364,2061230,60,0,High Vol,Decline,527
B0784,8717917,1906373,69,0,Low Vol,Growth,617
B0785,6473433,3072127,91,1,Unstable,Stable,464
B0786,3415423,1506000,50,0,Stable,Decline,504
B0787,9977293,1045486,64,1,Unstable,Growth,529
B0788,6402152,3204996,78,1,Stable,Decline,434
B0789,925110,4672151,71,0,Low Vol,Growth,539
B0790,3477158,2042593,53,0,Unstable,Stable,534
B0791,6388822,2563214,74,0,Low Vol,Stable,563
B0792,3551280,4747159,83,0,Low Vol,Stable,535
B0793,2977241,4725056,60,1,Stable,Stable,429
B0794,4787951,2785948,91,0,Low Vol,Decline,517
B0795,4594542,3214149,64,0,Stable,Decline,515
B0796,3493473,1724021,98,0,Stable,Growth,564
B0797,8574124,817578,76,0,Unstable,Decline,555
B0798,2228174,4755522,88,0,Unstable,Stable,522
B0799,9666739,3044659,53,0,Low Vol,Stable,596
B0800,3824438,2471874,74,1,Unstable,Stable,438
B0801,8699570,2382156,88,0,Low Vol,Decline,556
B0802,3277083,4276769,67,0,High Vol,Stable,532
B0803,7294232,4479398,67,0,Unstable,Growth,602
B0804,5098188,4515563,57,0,High Vol,Growth,580
B0805,7281143,4649098,53,0,High Vol,Decline,542
B0806,7655301,782974,95,0,Low Vol,Growth,606
B0807,3622981,2968228,68,1,Unstable,Decline,406
B0808,551635,3844358,52,0,High Vol,Decline,475
B0809,9788363,3772534,79,1,High Vol,Stable,497
B0810,4158951,3783039,70,0,Stable,Growth,571
B0811,9819683,2615801,69,0,Low Vol,Growth,628
B0812,5046192,1761249,59,0,Stable,Growth,580
B0813,3583678,4756735,87,0,Unstable,Stable,535
B0814,6397589,1602843,60,1,High Vol,Decline,433
B0815,8815911,2007608,68,0,High Vol,Stable,588
B0816,8741834,2994080,72,0,High Vol,Decline,557
B0817,2232066,3800083,57,0,High Vol,Decline,492
B0818,3973192,929351,79,1,High Vol,Decline,409
B0819,3814653,2005966,82,0,High Vol,Growth,568
B0820,4214240,491059,89,0,Low Vol,Decline,512
B0821,1507833,3944951,77,0,Unstable,Growth,545
B0822,5916409,3485927,59,0,Unstable,Decline,529
B0823,7299463,4316274,62,0,High Vol,Stable,572
B0824,7456107,3419818,64,1,High Vol,Decline,444
B0825,8122687,2915406,73,0,Stable,Decline,551
B0826,5305706,3450612,69,1,Stable,Stable,453
B0827,2143647,2261371,55,0,Stable,Growth,551
B0828,8618251,4381688,86,0,Unstable,Decline,556
B0829,7907595,4680675,95,1,Unstable,Stable,479
B0830,3019482,1354099,65,0,Low Vol,Decline,500
B0831,7574498,3324249,55,0,High Vol,Growth,605
B0832,6852653,424989,60,0,High Vol,Decline,538
B0833,7519552,1087789,97,0,Stable,Stable,575
B0834,1365138,4962101,84,0,Stable,Stable,513
B0835,6459066,4474636,96,0,Stable,Growth,594
B0836,5454162,2508677,56,0,Low Vol,Decline,524
B0837,3806889,3268357,65,0,High Vol,Decline,508
B0838,1419761,1836660,74,0,High Vol,Stable,514
B0839,6711900,140984,54,1,Unstable,Decline,437
B0840,5633307,4658855,94,1,High Vol,Growth,486
B0841,8496027,4115827,78,0,Stable,Growth,614
B0842,8927300,4135019,58,0,Unstable,Stable,589
B0843,985643,2105184,55,0,Unstable,Decline,479
B0844,8748371,3694648,94,0,Low Vol,Stable,587
B0845,2546269,525191,56,0,Low Vol,Decline,495
B0846,5362709,3121106,70,1,High Vol,Decline,423
B0847,5756478,2297177,64,0,Unstable,Growth,587
B0848,2404857,3912604,58,0,Stable,Decline,494
B0849,6875114,3502393,80,0,Low Vol,Decline,538
B0850,2854826,868928,84,1,Unstable,Decline,398
B0851,9362653,3326830,91,0,High Vol,Stable,593
B0852,5885960,1578677,80,0,High Vol,Decline,528
B0853,795739,232213,50,0,Low Vol,Stable,507
B0854,6697434,2359816,65,0,High Vol,Growth,596
B0855,3239917,3649526,56,1,Unstable,Stable,432
B0856,5914203,1622146,80,0,Stable,Growth,589
B0857,1720810,1504130,55,0,Low Vol,Decline,487
B0858,5074154,463034,81,0,Low Vol,Stable,550
B0859,1039387,3549074,86,0,Unstable,Stable,510
B0860,7102309,972445,55,0,High Vol,Stable,571
B0861,7216487,4846011,51,0,Unstable,Decline,542
B0862,3216344,1142596,83,0,Low Vol,Decline,502
B0863,1680700,3838083,65,0,Unstable,Decline,486
B0864,3197615,338259,53,0,Unstable,Stable,531
B0865,514754,4656366,60,0,Low Vol,Growth,535
B0866,739693,4237556,61,0,Unstable,Decline,477
B0867,1684662,406094,50,0,Stable,Growth,546
B0868,8354337,367183,63,0,High Vol,Decline,553
B0869,5721336,154505,74,0,Unstable,Decline,527
B0870,6273563,2155345,78,1,Stable,Growth,492
B0871,5173198,1123891,70,0,Stable,Stable,551
B0872,8098961,4533420,80,0,High Vol,Stable,580
B0873,6036318,4418561,54,0,High Vol,Decline,530
B0874,5170931,2051196,66,0,High Vol,Decline,521
B0875,2771467,2164155,88,0,High Vol,Stable,527
B0876,3690888,1764530,53,0,Stable,Stable,536
B0877,2877018,3651600,73,0,High Vol,Decline,498
B0878,8551381,4638295,77,0,High Vol,Stable,585
B0879,6467607,1488125,69,0,Low Vol,Decline,534
B0880,3279843,2488298,74,1,Unstable,Decline,402
B0881,9518306,1933035,88,0,Low Vol,Decline,565
B0882,8756723,3026700,61,0,Unstable,Stable,587
B0883,745814,1872222,76,0,Low Vol,Stable,507
B0884,6944024,4054955,89,0,Low Vol,Stable,569
B0885,9394856,743321,89,1,Unstable,Decline,463
B0886,7505762,4854480,64,0,Stable,Stable,575
B0887,1411338,4339856,92,0,Low Vol,Growth,544
B0888,4981820,3472033,61,1,High Vol,Stable,449
B0889,1151134,3828512,60,0,Stable,Decline,481
B0890,3627779,2210241,92,0,High Vol,Stable,536
B0891,8642447,3345422,71,1,Unstable,Decline,456
B0892,7155325,1009798,57,0,Stable,Stable,571
B0893,1140209,689726,70,0,High Vol,Growth,541
B0894,1919657,581430,65,0,Stable,Growth,549
B0895,3664273,389002,64,0,High Vol,Decline,506
B0896,6813006,4208797,83,0,Stable,Growth,598
B0897,679616,1701761,76,0,Stable,Growth,536
B0898,5270433,667540,57,0,High Vol,Stable,552
B0899,4589566,2495510,62,0,High Vol,Stable,545
B0900,7206479,4333886,61,0,Low Vol,Growth,602
B0901,3002893,2535662,92,1,Unstable,Growth,460
B0902,3991611,3666168,66,0,Low Vol,Stable,539
B0903,7298070,1712811,68,0,High Vol,Stable,572
B0904,3144565,2736079,72,0,Unstable,Decline,501
B0905,8624941,1072590,98,0,High Vol,Growth,616
B0906,9258560,3199103,89,0,Stable,Decline,562
B0907,9248951,4138869,63,0,Unstable,Decline,562
B0908,5201504,796848,61,1,Unstable,Stable,452
B0909,2606431,4858753,81,1,Stable,Growth,456
B0910,1351076,4790717,58,0,Unstable,Growth,543
B0911,4942795,2299012,91,1,Unstable,Growth,479
B0912,9584398,3027951,89,0,Stable,Stable,595
B0913,3551786,4650167,99,0,Stable,Growth,565
B0914,930196,2558205,98,0,Stable,Growth,539
B0915,8460261,4620883,95,0,Stable,Stable,584
B0916,8319411,3196856,61,0,Unstable,Stable,583
B0917,4542039,3127437,88,0,Low Vol,Stable,545
B0918,1093232,4600257,61,0,Unstable,Growth,540
B0919,4285883,4284271,86,1,Low Vol,Decline,412
B0920,3635309,890584,56,0,Low Vol,Decline,506
B0921,8273221,3556230,64,0,Unstable,Growth,612
B0922,8333769,2776698,97,0,Stable,Stable,583
B0923,4299330,4249575,65,0,Unstable,Growth,572
B0924,8060501,4338146,67,0,Low Vol,Decline,550
B0925,5678343,2449608,69,0,Stable,Growth,586
B0926,6583982,2116099,87,1,High Vol,Decline,435
B0927,4076362,3875466,81,0,Low Vol,Decline,510
B0928,7198084,4000628,72,0,Unstable,Decline,541
B0929,1853519,4180443,64,0,High Vol,Growth,548
B0930,5254716,4794063,59,0,Low Vol,Stable,552
B0931,9703527,2470734,80,1,Unstable,Stable,497
B0932,6796796,976734,79,0,High Vol,Growth,597
B0933,6601202,3282145,89,0,Low Vol,Decline,536
B0934,5108242,4703529,95,1,Low Vol,Stable,451
B0935,8139298,3943633,72,0,High Vol,Growth,611
B0936,7120984,1842724,87,0,Low Vol,Growth,601
B0937,1101914,2934248,75,0,Stable,Decline,481
B0938,2495058,3991243,58,0,High Vol,Stable,524
B0939,9707047,317672,70,0,Low Vol,Decline,567
B0940,6314922,227402,97,0,High Vol,Growth,593
B0941,4043781,2536631,94,1,Stable,Growth,470
B0942,1695266,2166283,93,0,Low Vol,Decline,486
B0943,8874995,3021143,51,0,Low Vol,Stable,588
B0944,553159,2573666,83,0,High Vol,Growth,535
B0945,4138691,2714651,51,1,High Vol,Decline,411
B0946,1378217,2418886,68,0,High Vol,Stable,513
B0947,8470527,4893656,67,0,Unstable,Growth,614
B0948,2590549,107354,70,0,Low Vol,Growth,555
B0949,8328354,899523,57,0,Unstable,Growth,613
B0950,6366605,3080490,56,0,Low Vol,Decline,533
B0951,7332502,442100,64,0,Unstable,Growth,603
B0952,4225716,2681364,82,0,Low Vol,Decline,512
B0953,6998576,2555811,74,0,Unstable,Decline,539
B0954,9346232,3634437,79,0,High Vol,Stable,593
B0955,1523955,4630070,91,0,Stable,Stable,515
B0956,6943158,334624,84,0,High Vol,Growth,599
B0957,5254120,4575907,65,1,Low Vol,Decline,422
B0958,2322271,4882940,77,0,Unstable,Growth,553
B0959,701657,2077560,70,1,High Vol,Growth,437
B0960,1992825,2789866,91,0,Stable,Decline,489
B0961,3043534,480656,88,0,Stable,Stable,530
B0962,7600644,4391293,74,0,Stable,Growth,606
B0963,9356730,3964331,76,0,Unstable,Stable,593
B0964,5980538,4137141,87,1,Stable,Decline,429
B0965,3844970,2744308,99,0,Low Vol,Decline,508
B0966,1037488,2184989,77,0,Stable,Decline,480
B0967,8039956,830134,51,0,Stable,Stable,580
B0968,3925778,1050839,54,0,Stable,Stable,539
B0969,7312453,4368716,54,0,Unstable,Stable,573
B0970,2513461,3916188,77,0,High Vol,Stable,525
B0971,6912069,4934938,54,0,High Vol,Decline,539
B0972,9660318,537106,66,0,Unstable,Decline,566
B0973,2441269,209177,79,0,High Vol,Growth,554
B0974,7767011,4632889,96,0,Stable,Growth,607
B0975,2616800,2514403,71,0,High Vol,Decline,496
B0976,9158337,724650,88,0,Unstable,Growth,621
B0977,3302398,4126400,74,1,Unstable,Growth,463
B0978,9302192,2805225,93,0,High Vol,Decline,563
B0979,2077161,3410072,61,0,Low Vol,Growth,550
B0980,9446866,646469,76,0,Unstable,Decline,564
B0981,7738655,2812518,89,1,Stable,Decline,447
B0982,5620277,1852991,98,0,Unstable,Stable,556
B0983,1536918,1199243,96,1,Low Vol,Growth,445
B0984,5772297,795808,98,0,Low Vol,Stable,557
B0985,7862398,156083,88,0,Unstable,Decline,548
B0986,4986170,3802937,72,0,Unstable,Stable,549
B0987,546475,2524213,77,0,Stable,Growth,535
B0988,3592958,770185,81,0,Unstable,Growth,565
B0989,1857689,4364333,51,0,Stable,Decline,488
B0990,5892785,4772204,85,0,Unstable,Decline,528
B0991,8570902,3141501,56,1,Unstable,Stable,485
B0992,687583,1034102,53,0,Unstable,Stable,506
B0993,4066494,1923005,78,0,Stable,Decline,510
B0994,9183640,1332785,52,1,Stable,Stable,491
B0995,1277259,446570,99,0,High Vol,Stable,512
B0996,1940254,3376229,64,0,Unstable,Growth,549
B0997,5194300,1599738,81,0,Low Vol,Growth,581
B0998,5312957,1869237,80,0,Unstable,Stable,553
B0999,7061295,4621087,76,1,High Vol,Decline,440
B1000,7579095,4953894,61,0,Unstable,Stable,575
